dataset,window_size,n_pairs,no_source,dtau,move2_median,move2_p90,move2_max,move_median,eligible,chosen,n_cells,pseudotime,lambda1
bifurcation,50,99,0.01,0.003048317391943,1.280073803874825,2.872407426770968,6.652178301693415,1.1314034664410504,True,False,5000,dpt:A->cell259,0.9997097849845886
bifurcation,100,49,0.02,0.005772860882488,1.481520460632418,4.32823171535604,12.18729614702166,1.217177251115226,True,False,5000,dpt:A->cell259,0.9997097849845886
bifurcation,200,24,0.04,0.0119104902200061,3.4327306939362354,11.587184854577137,41.73795612245131,1.852762989142496,True,True,5000,dpt:A->cell259,0.9997097849845886
bifurcation,300,16,0.04,0.0173123910301161,4.434733580370956,25.69423074932781,116.03212871529766,2.1058807137088644,True,False,5000,dpt:A->cell259,0.9997097849845886
bifurcation,500,9,0.0999999999999999,0.0304845332597865,21.708853522788463,139.71037984673788,253.02594165150305,4.65927607282381,True,False,5000,dpt:A->cell259,0.9997097849845886
bifurcation,800,6,0.04,0.0614936699397222,26.738549151048005,225.1616985769624,347.7583408567875,5.1709331025500616,True,False,5000,dpt:A->cell259,0.9997097849845886
bifurcation_simtime,50,99,0.01,0.0089999999999917,1.0448577853952812,1.403003107664573,2.0245403746143613,1.022182853209386,True,False,5000,key:sim_time,
bifurcation_simtime,100,49,0.02,0.0169999999999845,1.1071036456056258,1.3920178364808666,2.5675001779844404,1.0521899284851697,True,False,5000,key:sim_time,
bifurcation_simtime,200,24,0.04,0.033999999999969,1.1591277557886674,2.126341497418442,4.201132142822426,1.0766279560687004,True,False,5000,key:sim_time,
bifurcation_simtime,300,16,0.04,0.0544999999999504,1.102418721093255,4.798701622408935,5.840874310737634,1.0499612950453243,True,False,5000,key:sim_time,
bifurcation_simtime,500,9,0.0999999999999999,0.0859999999999218,1.3541123073207066,30.8091013229226,48.11789544940308,1.1636633135579666,True,True,5000,key:sim_time,
bifurcation_simtime,800,6,0.04,0.1409999999998717,1.4434568453865335,48.24700844867736,90.37278963260626,1.201439488857651,False,False,5000,key:sim_time,
erythroid,50,195,0.0066225165562914,0.004639221072298,0.994674005452486,1.2082398497588511,1.6497635148626375,0.9973334474750588,True,False,9815,dpt:Blood progenitors 1->TAACCGGAGTTACG,0.998641312122345
erythroid,100,97,0.0117167600611308,0.0098248670809703,1.0594322998170254,1.226463055100598,2.59219914354298,1.0292872775940765,True,False,9815,dpt:Blood progenitors 1->TAACCGGAGTTACG,0.998641312122345
erythroid,200,48,0.0219052470708099,0.0199814247024011,1.2865668174668676,1.4465486998672228,2.7897970856711605,1.1342692878972205,True,False,9815,dpt:Blood progenitors 1->TAACCGGAGTTACG,0.998641312122345
erythroid,300,32,0.0219052470708099,0.0307337574379004,1.511823335159268,1.6936794152283765,2.9752613268003243,1.2295622534704242,True,False,9815,dpt:Blood progenitors 1->TAACCGGAGTTACG,0.998641312122345
erythroid,500,19,0.0320937340804891,0.0505117387828738,2.0168392425613777,2.271131162962464,2.368229992784006,1.4201546544518937,True,True,9815,dpt:Blood progenitors 1->TAACCGGAGTTACG,0.998641312122345
erythroid,800,12,0.0219052470708099,0.0869416444394158,2.8624713624704903,3.404847325306568,3.714535179951444,1.6918839683827287,True,False,9815,dpt:Blood progenitors 1->TAACCGGAGTTACG,0.998641312122345
hindbrain,50,269,0.0037774979631138,0.0027111711275528,1.0135300535771368,1.215973306180454,1.7293145070431022,1.0067422975007738,True,False,13501,dpt:Neural stem cells->E10_CGAACATTCGGCATCG,0.996566116809845
hindbrain,100,134,0.0074809273387156,0.0055552732747956,1.0354446176140943,1.231834826879121,1.9306187399422088,1.0175679916418825,True,False,13501,dpt:Neural stem cells->E10_CGAACATTCGGCATCG,0.996566116809845
hindbrain,200,67,0.0074809273387156,0.0111956994177959,1.1483734079156755,1.4317635780150764,1.748648760626215,1.0716218586402928,True,False,13501,dpt:Neural stem cells->E10_CGAACATTCGGCATCG,0.996566116809845
hindbrain,300,44,0.0222946448411228,0.0165064330293467,1.3108174396522427,1.6265714839395593,2.119330283091189,1.144909358705851,True,False,13501,dpt:Neural stem cells->E10_CGAACATTCGGCATCG,0.996566116809845
hindbrain,500,26,0.0371083623435301,0.0284813418082168,1.584127811998338,2.149676348953374,4.716718864267304,1.258621393429469,True,False,13501,dpt:Neural stem cells->E10_CGAACATTCGGCATCG,0.996566116809845
hindbrain,800,16,0.0519220798459373,0.049210398981481,2.0964403030531003,2.795026420131623,3.996746432456853,1.447908941561278,True,True,13501,dpt:Neural stem cells->E10_CGAACATTCGGCATCG,0.996566116809845
linear,50,99,0.01,0.0048819285656187,1.6564693828756556,4.498343616242192,11.528036073110076,1.2870389981953363,True,False,5000,dpt:A->cell218,0.9998246431350708
linear,100,49,0.02,0.0105733269132809,2.7400959841121253,10.310220754583684,24.390397485947677,1.6553235285321493,True,True,5000,dpt:A->cell218,0.9998246431350708
linear,200,24,0.04,0.02205331398042,5.848828579926989,27.60724390153292,60.17205935206776,2.4184351510691764,True,False,5000,dpt:A->cell218,0.9998246431350708
linear,300,16,0.04,0.0327169125447532,11.212788852497702,96.31461449430095,126.93882833919272,3.34855026130678,True,False,5000,dpt:A->cell218,0.9998246431350708
linear,500,9,0.0999999999999999,0.0551016991220634,24.965228437385047,142.97321187381908,193.04686458200848,4.996521633835387,True,False,5000,dpt:A->cell218,0.9998246431350708
linear,800,6,0.04,0.0974291888010265,72.75094673681576,597.807178683484,1079.129794873936,8.529416553130453,True,False,5000,dpt:A->cell218,0.9998246431350708
linear_simtime,50,99,0.01,0.004000000000002,0.9764001158250496,1.3300778105248805,1.676298585618404,0.9881296047710794,True,False,5000,key:sim_time,
linear_simtime,100,49,0.02,0.0089999999999918,1.0933057638249353,1.5015601842870083,2.2237202373909377,1.0456126260833576,True,False,5000,key:sim_time,
linear_simtime,200,24,0.04,0.0174999999999922,1.321463375316598,2.1092440823268808,2.5130274438153446,1.1495492052611744,True,False,5000,key:sim_time,
linear_simtime,300,16,0.04,0.0270049999999754,1.617708500728796,3.882159028770812,4.575511171581883,1.2718917016510471,True,False,5000,key:sim_time,
linear_simtime,500,9,0.0999999999999999,0.045009999999959,2.861879013253631,16.73037878934265,23.508129872655445,1.6917089032258568,True,True,5000,key:sim_time,
linear_simtime,800,6,0.04,0.0695049999999474,4.19852809519308,26.97135135564533,37.449416504351866,2.049031013721627,True,False,5000,key:sim_time,
murine,50,68,0.0150637311703359,0.0006917723402855,1.0225014264105503,1.1624213563712555,2.334276856189556,1.011188126122212,True,False,3452,dpt:Stem cells->251,0.9913833737373352
murine,100,34,0.0150637311703359,0.0014250411786427,1.053796731636285,1.2171717870343386,3.5810173544275488,1.0265460202232948,True,False,3452,dpt:Stem cells->251,0.9913833737373352
murine,200,17,0.0150637311703359,0.0026117666373134,1.0469855510316708,1.3153299453973757,2.2118265300621385,1.023223118890338,True,False,3452,dpt:Stem cells->251,0.9913833737373352
murine,300,11,0.0440324449594438,0.0042452462366429,1.080432565418462,1.3048125498260277,1.3661363755106564,1.0394385818404384,True,False,3452,dpt:Stem cells->251,0.9913833737373352
murine,500,6,0.1309385863267671,0.0069315457309538,1.1855811779552168,1.3482987589723858,1.3791549539031498,1.0888439640073395,False,False,3452,dpt:Stem cells->251,0.9913833737373352
murine,800,4,0.0730011587485515,0.0505709107601839,1.2697381765458315,1.4102538442919292,1.457910156183666,1.126826595597491,True,True,3452,dpt:Stem cells->251,0.9913833737373352
oligodendroglioma,50,80,0.010880316518298683,0.007117071563100097,6.597944627170136,15.751751880135567,42.6800503587395,2.568646458189631,True,True,4044,dpt:Stem-like->MGH54_P7_G10,0.9996214509010315
oligodendroglioma,100,40,0.010880316518298683,0.01454036574041434,15.681022673669757,36.84557342922072,88.25374137745095,3.959927104590406,True,False,4044,dpt:Stem-like->MGH54_P7_G10,0.9996214509010315
oligodendroglioma,200,20,0.010880316518298683,0.029353525989891605,37.400640606612306,112.13635012976331,157.38962831835715,6.11560631553506,True,False,4044,dpt:Stem-like->MGH54_P7_G10,0.9996214509010315
oligodendroglioma,300,13,0.035608308605341255,0.044507624041181026,71.72472470042361,211.06024868331957,249.2089350871651,8.469045087872871,True,False,4044,dpt:Stem-like->MGH54_P7_G10,0.9996214509010315
oligodendroglioma,500,8,0.010880316518298683,0.07317005051864811,153.15845754921702,411.7915324909763,420.6460844433301,12.375720486065328,True,False,4044,dpt:Stem-like->MGH54_P7_G10,0.9996214509010315
oligodendroglioma,800,5,0.010880316518298683,0.11449571313719636,409.18116432920567,561.7883985022985,590.390261628091,20.228226920054205,False,False,4044,dpt:Stem-like->MGH54_P7_G10,0.9996214509010315
pancreas,50,50,0.0122481232714342,0.0038772353904242,1.0977796442104584,1.978154417403652,3.469144626495442,1.0477498003867425,True,False,2531,dpt:Ngn3 low EP->GATCAGTTCGGCGCAT-1-3,0.9989006519317628
pancreas,100,25,0.0122481232714342,0.0082431405205792,1.2052560473769125,3.728690568782018,7.06263050242308,1.0978415401946278,True,False,2531,dpt:Ngn3 low EP->GATCAGTTCGGCGCAT-1-3,0.9989006519317628
pancreas,200,12,0.0517581983405768,0.0166600065984191,1.8753607917002213,11.59476191201822,16.489000130198367,1.3694381299278262,True,False,2531,dpt:Ngn3 low EP->GATCAGTTCGGCGCAT-1-3,0.9989006519317628
pancreas,300,8,0.0517581983405768,0.0264078531613766,2.256071066870036,24.203356839943343,55.4084185531312,1.5020223256896137,True,True,2531,dpt:Ngn3 low EP->GATCAGTTCGGCGCAT-1-3,0.9989006519317628
pancreas,500,5,0.0122481232714342,0.0365893769408433,2.818491157247328,33.17946708988627,44.39852906955961,1.6788362508736008,True,False,2531,dpt:Ngn3 low EP->GATCAGTTCGGCGCAT-1-3,0.9989006519317628
pancreas,800,3,0.0517581983405768,0.0909843356688876,4.280675728981339,49.970958190265634,61.39352880558671,2.068979393077983,True,False,2531,dpt:Ngn3 low EP->GATCAGTTCGGCGCAT-1-3,0.9989006519317628
trifurcation,50,99,0.01,0.0051892630084415,1.3073771757920247,2.144766222827218,2.851296694565105,1.14340595406532,True,False,5000,dpt:A->cell1667,0.9993942975997924
trifurcation,100,49,0.02,0.0116043059668833,1.8136143865911896,4.019789463647783,5.193278470715418,1.3467050109772332,True,False,5000,dpt:A->cell1667,0.9993942975997924
trifurcation,200,24,0.04,0.0240030128864311,3.1109940722536584,9.77413627256001,13.241438208198112,1.7638010296667983,True,True,5000,dpt:A->cell1667,0.9993942975997924
trifurcation,300,16,0.04,0.0343559169497765,4.690376791982542,17.873892396434012,26.02636723613716,2.165727774209525,True,False,5000,dpt:A->cell1667,0.9993942975997924
trifurcation,500,9,0.0999999999999999,0.0683716567888346,10.822826400485152,58.52994942643219,65.90765517759162,3.289806438148778,True,False,5000,dpt:A->cell1667,0.9993942975997924
trifurcation,800,6,0.04,0.0994078678692245,18.442609373251337,80.37439880712859,119.31071677831248,4.294485926540141,True,False,5000,dpt:A->cell1667,0.9993942975997924
trifurcation_simtime,50,99,0.01,0.0089999999999917,1.0359230749369357,1.4054957620295023,2.0484040664135628,1.0178030629433847,True,False,5000,key:sim_time,
trifurcation_simtime,100,49,0.02,0.0189999999999826,1.1454484326058298,1.5251888824319024,2.418603160170825,1.0702562462353722,True,True,5000,key:sim_time,
trifurcation_simtime,200,24,0.04,0.0369999999999663,1.0726543924329106,1.9705646104070216,2.7135387134303763,1.03569029754696,True,False,5000,key:sim_time,
trifurcation_simtime,300,16,0.04,0.0549999999999499,1.1415826357418024,4.181111276537324,7.703703890318782,1.068448705245976,True,False,5000,key:sim_time,
trifurcation_simtime,500,9,0.0999999999999999,0.0949999999999136,1.0707824561570125,8.367772272449512,11.06435791771647,1.0347861886191816,True,False,5000,key:sim_time,
trifurcation_simtime,800,6,0.04,0.1509999999998627,1.1505177070319084,7.605577907561229,12.071152564398645,1.0726218844643756,False,False,5000,key:sim_time,
