dataset,method,tag,seed,field,iccoh_mean,iccoh_median,cbdir_mean,cbdir_median,cos_mean,cos_median,cos_frac_pos,coverage,window_size,root_cell,root_cluster,root_selection,spatial_key,n_clusters,pseudotime_key,dpt_impl,n_eff,T_eff,typical_move,transported_mass,n_cells,seconds
bifurcation,velot,,0,raw,0.18513276832193842,0.16429475727683102,0.886146858253036,1.0,,,,0.96,200,38,A,distal,,1,,velot,1.0,,1.1174399852752686,1.0,5000,4.18645961600123
bifurcation,velot,,0,smooth,0.9491695248087245,0.9620316028594971,0.9372852989791632,1.0,,,,0.96,200,38,A,distal,,1,,velot,1.0,,1.1174399852752686,1.0,5000,4.18645961600123
bifurcation,velot_gradient,,0,raw,0.28676361919516224,0.28736166736841573,0.9935825565787137,1.0,,,,,200,38,A,distal,,1,,velot,,,,,5000,4.347805110999616
bifurcation,velot_gradient,,0,smooth,0.7075489556106571,0.7011666893959045,0.9925705532723561,1.0,,,,,200,38,A,distal,,1,,velot,,,,,5000,4.347805110999616
linear,velot,,0,raw,0.1237333055064979,0.13506775783275543,0.9557032228010182,1.0,,,,0.98,100,4170,A,distal,,1,,velot,1.0,,1.0984715223312378,1.0,5000,4.186234283999511
linear,velot,,0,smooth,0.8690165742116447,0.8679166734218597,0.9587930064209654,1.0,,,,0.98,100,4170,A,distal,,1,,velot,1.0,,1.0984715223312378,1.0,5000,4.186234283999511
linear,velot_gradient,,0,raw,0.29064039578041095,0.3010594942704524,0.9939054591923074,1.0,,,,,100,4170,A,distal,,1,,velot,,,,,5000,4.505096849001347
linear,velot_gradient,,0,smooth,0.6761958439982673,0.6310166418552399,0.9932959637943752,1.0,,,,,100,4170,A,distal,,1,,velot,,,,,5000,4.505096849001347
trifurcation,velot,,0,raw,0.23318991057964847,0.16721546423525002,0.8768512499225355,1.0,,,,0.96,200,3407,A,distal,,1,,velot,1.0,,1.2156946659088135,1.0,5000,3.6905721740004083
trifurcation,velot,,0,smooth,0.9428252260940192,0.9581358432769775,0.8025774711386937,1.0,,,,0.96,200,3407,A,distal,,1,,velot,1.0,,1.2156946659088135,1.0,5000,3.6905721740004083
trifurcation,velot_gradient,,0,raw,0.36014304517409285,0.3752879245546944,0.9674323808593069,1.0,,,,,200,3407,A,distal,,1,,velot,,,,,5000,3.628104708999672
trifurcation,velot_gradient,,0,smooth,0.6967451865154863,0.6827061623334885,0.9855749220426979,1.0,,,,,200,3407,A,distal,,1,,velot,,,,,5000,3.628104708999672
