dataset,method,tag,field,metric,mean,sd,n
bifurcation,velot,,raw,cbdir_mean,0.886146858253036,0.0,1
bifurcation,velot,,raw,cbdir_median,1.0,0.0,1
bifurcation,velot,,raw,cos_frac_pos,,0.0,0
bifurcation,velot,,raw,cos_mean,,0.0,0
bifurcation,velot,,raw,cos_median,,0.0,0
bifurcation,velot,,raw,coverage,0.96,0.0,1
bifurcation,velot,,raw,iccoh_mean,0.18513276832193842,0.0,1
bifurcation,velot,,raw,iccoh_median,0.16429475727683102,0.0,1
bifurcation,velot,,smooth,cbdir_mean,0.9372852989791632,0.0,1
bifurcation,velot,,smooth,cbdir_median,1.0,0.0,1
bifurcation,velot,,smooth,cos_frac_pos,,0.0,0
bifurcation,velot,,smooth,cos_mean,,0.0,0
bifurcation,velot,,smooth,cos_median,,0.0,0
bifurcation,velot,,smooth,coverage,0.96,0.0,1
bifurcation,velot,,smooth,iccoh_mean,0.9491695248087245,0.0,1
bifurcation,velot,,smooth,iccoh_median,0.9620316028594971,0.0,1
bifurcation,velot_gradient,,raw,cbdir_mean,0.9935825565787137,0.0,1
bifurcation,velot_gradient,,raw,cbdir_median,1.0,0.0,1
bifurcation,velot_gradient,,raw,cos_frac_pos,,0.0,0
bifurcation,velot_gradient,,raw,cos_mean,,0.0,0
bifurcation,velot_gradient,,raw,cos_median,,0.0,0
bifurcation,velot_gradient,,raw,coverage,,0.0,0
bifurcation,velot_gradient,,raw,iccoh_mean,0.28676361919516224,0.0,1
bifurcation,velot_gradient,,raw,iccoh_median,0.28736166736841573,0.0,1
bifurcation,velot_gradient,,smooth,cbdir_mean,0.9925705532723561,0.0,1
bifurcation,velot_gradient,,smooth,cbdir_median,1.0,0.0,1
bifurcation,velot_gradient,,smooth,cos_frac_pos,,0.0,0
bifurcation,velot_gradient,,smooth,cos_mean,,0.0,0
bifurcation,velot_gradient,,smooth,cos_median,,0.0,0
bifurcation,velot_gradient,,smooth,coverage,,0.0,0
bifurcation,velot_gradient,,smooth,iccoh_mean,0.7075489556106571,0.0,1
bifurcation,velot_gradient,,smooth,iccoh_median,0.7011666893959045,0.0,1
linear,velot,,raw,cbdir_mean,0.9557032228010182,0.0,1
linear,velot,,raw,cbdir_median,1.0,0.0,1
linear,velot,,raw,cos_frac_pos,,0.0,0
linear,velot,,raw,cos_mean,,0.0,0
linear,velot,,raw,cos_median,,0.0,0
linear,velot,,raw,coverage,0.98,0.0,1
linear,velot,,raw,iccoh_mean,0.1237333055064979,0.0,1
linear,velot,,raw,iccoh_median,0.13506775783275543,0.0,1
linear,velot,,smooth,cbdir_mean,0.9587930064209654,0.0,1
linear,velot,,smooth,cbdir_median,1.0,0.0,1
linear,velot,,smooth,cos_frac_pos,,0.0,0
linear,velot,,smooth,cos_mean,,0.0,0
linear,velot,,smooth,cos_median,,0.0,0
linear,velot,,smooth,coverage,0.98,0.0,1
linear,velot,,smooth,iccoh_mean,0.8690165742116447,0.0,1
linear,velot,,smooth,iccoh_median,0.8679166734218597,0.0,1
linear,velot_gradient,,raw,cbdir_mean,0.9939054591923074,0.0,1
linear,velot_gradient,,raw,cbdir_median,1.0,0.0,1
linear,velot_gradient,,raw,cos_frac_pos,,0.0,0
linear,velot_gradient,,raw,cos_mean,,0.0,0
linear,velot_gradient,,raw,cos_median,,0.0,0
linear,velot_gradient,,raw,coverage,,0.0,0
linear,velot_gradient,,raw,iccoh_mean,0.29064039578041095,0.0,1
linear,velot_gradient,,raw,iccoh_median,0.3010594942704524,0.0,1
linear,velot_gradient,,smooth,cbdir_mean,0.9932959637943752,0.0,1
linear,velot_gradient,,smooth,cbdir_median,1.0,0.0,1
linear,velot_gradient,,smooth,cos_frac_pos,,0.0,0
linear,velot_gradient,,smooth,cos_mean,,0.0,0
linear,velot_gradient,,smooth,cos_median,,0.0,0
linear,velot_gradient,,smooth,coverage,,0.0,0
linear,velot_gradient,,smooth,iccoh_mean,0.6761958439982673,0.0,1
linear,velot_gradient,,smooth,iccoh_median,0.6310166418552399,0.0,1
trifurcation,velot,,raw,cbdir_mean,0.8768512499225355,0.0,1
trifurcation,velot,,raw,cbdir_median,1.0,0.0,1
trifurcation,velot,,raw,cos_frac_pos,,0.0,0
trifurcation,velot,,raw,cos_mean,,0.0,0
trifurcation,velot,,raw,cos_median,,0.0,0
trifurcation,velot,,raw,coverage,0.96,0.0,1
trifurcation,velot,,raw,iccoh_mean,0.23318991057964847,0.0,1
trifurcation,velot,,raw,iccoh_median,0.16721546423525002,0.0,1
trifurcation,velot,,smooth,cbdir_mean,0.8025774711386937,0.0,1
trifurcation,velot,,smooth,cbdir_median,1.0,0.0,1
trifurcation,velot,,smooth,cos_frac_pos,,0.0,0
trifurcation,velot,,smooth,cos_mean,,0.0,0
trifurcation,velot,,smooth,cos_median,,0.0,0
trifurcation,velot,,smooth,coverage,0.96,0.0,1
trifurcation,velot,,smooth,iccoh_mean,0.9428252260940192,0.0,1
trifurcation,velot,,smooth,iccoh_median,0.9581358432769775,0.0,1
trifurcation,velot_gradient,,raw,cbdir_mean,0.9674323808593069,0.0,1
trifurcation,velot_gradient,,raw,cbdir_median,1.0,0.0,1
trifurcation,velot_gradient,,raw,cos_frac_pos,,0.0,0
trifurcation,velot_gradient,,raw,cos_mean,,0.0,0
trifurcation,velot_gradient,,raw,cos_median,,0.0,0
trifurcation,velot_gradient,,raw,coverage,,0.0,0
trifurcation,velot_gradient,,raw,iccoh_mean,0.36014304517409285,0.0,1
trifurcation,velot_gradient,,raw,iccoh_median,0.3752879245546944,0.0,1
trifurcation,velot_gradient,,smooth,cbdir_mean,0.9855749220426979,0.0,1
trifurcation,velot_gradient,,smooth,cbdir_median,1.0,0.0,1
trifurcation,velot_gradient,,smooth,cos_frac_pos,,0.0,0
trifurcation,velot_gradient,,smooth,cos_mean,,0.0,0
trifurcation,velot_gradient,,smooth,cos_median,,0.0,0
trifurcation,velot_gradient,,smooth,coverage,,0.0,0
trifurcation,velot_gradient,,smooth,iccoh_mean,0.6967451865154863,0.0,1
trifurcation,velot_gradient,,smooth,iccoh_median,0.6827061623334885,0.0,1
